dataset,channels,participants,trials,model,acc_mean,acc_std,macro_f1
BCI-IV-2b,all,9,6520,Shrinkage-LDA,0.689,0.085,0.679
BCI-IV-2b,all,9,6520,Logistic Regression,0.685,0.087,0.675
BCI-IV-2b,all,9,6520,XGBoost,0.658,0.074,0.646
BCI-IV-2b,all,9,6520,Random Forest,0.655,0.075,0.64
BCI-IV-2b,all,9,6520,"SVM-RBF (supervised, 100%)",0.648,0.087,0.625
BCI-IV-2b,all,9,6520,Self-Training SVM-RBF (20% labels),0.641,0.069,0.618
BCI-IV-2b,all,9,6520,MLP (64),0.625,0.072,0.608
BCI-IV-2b,all,9,6520,Decision Tree,0.56,0.046,0.557
BCI-IV-2b,all+subjnorm,9,6520,Shrinkage-LDA,0.707,0.088,0.706
BCI-IV-2b,all+subjnorm,9,6520,Logistic Regression,0.707,0.087,0.707
BCI-IV-2b,all+subjnorm,9,6520,Random Forest,0.705,0.077,0.705
BCI-IV-2b,all+subjnorm,9,6520,"SVM-RBF (supervised, 100%)",0.701,0.079,0.701
BCI-IV-2b,all+subjnorm,9,6520,XGBoost,0.697,0.076,0.697
BCI-IV-2b,all+subjnorm,9,6520,Self-Training SVM-RBF (20% labels),0.694,0.083,0.693
BCI-IV-2b,all+subjnorm,9,6520,MLP (64),0.68,0.069,0.68
BCI-IV-2b,all+subjnorm,9,6520,Decision Tree,0.612,0.047,0.612
PhysioNet-MI (left_hand/right_hand),all,109,4918,Logistic Regression,0.595,0.094,0.565
PhysioNet-MI (left_hand/right_hand),all,109,4918,Shrinkage-LDA,0.593,0.093,0.562
PhysioNet-MI (left_hand/right_hand),all,109,4918,MLP (64),0.584,0.08,0.548
PhysioNet-MI (left_hand/right_hand),all,109,4918,"SVM-RBF (supervised, 100%)",0.575,0.084,0.529
PhysioNet-MI (left_hand/right_hand),all,109,4918,XGBoost,0.566,0.082,0.539
PhysioNet-MI (left_hand/right_hand),all,109,4918,Random Forest,0.544,0.073,0.516
PhysioNet-MI (left_hand/right_hand),all,109,4918,Self-Training SVM-RBF (20% labels),0.535,0.064,0.446
PhysioNet-MI (left_hand/right_hand),all,109,4918,Decision Tree,0.511,0.083,0.5
PhysioNet-MI (left_hand/right_hand),all+subjnorm,109,4918,"SVM-RBF (supervised, 100%)",0.62,0.097,0.618
PhysioNet-MI (left_hand/right_hand),all+subjnorm,109,4918,Shrinkage-LDA,0.616,0.102,0.615
PhysioNet-MI (left_hand/right_hand),all+subjnorm,109,4918,Logistic Regression,0.614,0.099,0.614
PhysioNet-MI (left_hand/right_hand),all+subjnorm,109,4918,XGBoost,0.605,0.084,0.603
PhysioNet-MI (left_hand/right_hand),all+subjnorm,109,4918,Random Forest,0.592,0.092,0.59
PhysioNet-MI (left_hand/right_hand),all+subjnorm,109,4918,MLP (64),0.575,0.089,0.573
PhysioNet-MI (left_hand/right_hand),all+subjnorm,109,4918,Self-Training SVM-RBF (20% labels),0.569,0.089,0.567
PhysioNet-MI (left_hand/right_hand),all+subjnorm,109,4918,Decision Tree,0.516,0.065,0.513
PhysioNet-MI (left_hand/right_hand),motor,109,4918,Logistic Regression,0.589,0.106,0.568
PhysioNet-MI (left_hand/right_hand),motor,109,4918,Shrinkage-LDA,0.588,0.103,0.568
PhysioNet-MI (left_hand/right_hand),motor,109,4918,MLP (64),0.571,0.091,0.542
PhysioNet-MI (left_hand/right_hand),motor,109,4918,"SVM-RBF (supervised, 100%)",0.564,0.097,0.516
PhysioNet-MI (left_hand/right_hand),motor,109,4918,XGBoost,0.557,0.085,0.537
PhysioNet-MI (left_hand/right_hand),motor,109,4918,Random Forest,0.542,0.085,0.518
PhysioNet-MI (left_hand/right_hand),motor,109,4918,Self-Training SVM-RBF (20% labels),0.532,0.067,0.451
PhysioNet-MI (left_hand/right_hand),motor,109,4918,Decision Tree,0.514,0.079,0.505
PhysioNet-MI (left_hand/right_hand),motor+subjnorm,109,4918,Shrinkage-LDA,0.6,0.107,0.599
PhysioNet-MI (left_hand/right_hand),motor+subjnorm,109,4918,Logistic Regression,0.6,0.107,0.598
PhysioNet-MI (left_hand/right_hand),motor+subjnorm,109,4918,"SVM-RBF (supervised, 100%)",0.591,0.103,0.589
PhysioNet-MI (left_hand/right_hand),motor+subjnorm,109,4918,Random Forest,0.581,0.09,0.579
PhysioNet-MI (left_hand/right_hand),motor+subjnorm,109,4918,XGBoost,0.578,0.092,0.575
PhysioNet-MI (left_hand/right_hand),motor+subjnorm,109,4918,Self-Training SVM-RBF (20% labels),0.563,0.096,0.559
PhysioNet-MI (left_hand/right_hand),motor+subjnorm,109,4918,MLP (64),0.551,0.082,0.548
PhysioNet-MI (left_hand/right_hand),motor+subjnorm,109,4918,Decision Tree,0.517,0.075,0.514
eeg_dataset_emotiv.csv,all,10,813,XGBoost,0.606,0.087,0.572
eeg_dataset_emotiv.csv,all,10,813,Random Forest,0.595,0.087,0.547
eeg_dataset_emotiv.csv,all,10,813,"SVM-RBF (supervised, 100%)",0.593,0.1,0.555
eeg_dataset_emotiv.csv,all,10,813,Shrinkage-LDA,0.589,0.067,0.541
eeg_dataset_emotiv.csv,all,10,813,Logistic Regression,0.573,0.054,0.528
eeg_dataset_emotiv.csv,all,10,813,MLP (64),0.566,0.07,0.52
eeg_dataset_emotiv.csv,all,10,813,Self-Training SVM-RBF (20% labels),0.563,0.082,0.486
eeg_dataset_emotiv.csv,all,10,813,Decision Tree,0.554,0.084,0.542
eeg_dataset_emotiv.csv,all+subjnorm,10,813,Shrinkage-LDA,0.658,0.089,0.657
eeg_dataset_emotiv.csv,all+subjnorm,10,813,"SVM-RBF (supervised, 100%)",0.646,0.099,0.645
eeg_dataset_emotiv.csv,all+subjnorm,10,813,Logistic Regression,0.641,0.094,0.64
eeg_dataset_emotiv.csv,all+subjnorm,10,813,MLP (64),0.621,0.061,0.619
eeg_dataset_emotiv.csv,all+subjnorm,10,813,Random Forest,0.608,0.11,0.607
eeg_dataset_emotiv.csv,all+subjnorm,10,813,XGBoost,0.607,0.081,0.605
eeg_dataset_emotiv.csv,all+subjnorm,10,813,Self-Training SVM-RBF (20% labels),0.556,0.083,0.554
eeg_dataset_emotiv.csv,all+subjnorm,10,813,Decision Tree,0.501,0.064,0.499
eeg_dataset_emotiv.csv,motor,10,813,Shrinkage-LDA,0.566,0.04,0.528
eeg_dataset_emotiv.csv,motor,10,813,Logistic Regression,0.559,0.037,0.521
eeg_dataset_emotiv.csv,motor,10,813,"SVM-RBF (supervised, 100%)",0.534,0.067,0.489
eeg_dataset_emotiv.csv,motor,10,813,Random Forest,0.531,0.088,0.492
eeg_dataset_emotiv.csv,motor,10,813,MLP (64),0.525,0.063,0.505
eeg_dataset_emotiv.csv,motor,10,813,Self-Training SVM-RBF (20% labels),0.52,0.049,0.488
eeg_dataset_emotiv.csv,motor,10,813,Decision Tree,0.515,0.083,0.506
eeg_dataset_emotiv.csv,motor,10,813,XGBoost,0.497,0.038,0.465
